[{"name":"HAKEEM SHAH","email":"hakeemshah1206@gmail.com","password":"dfadaD"},{"name":"HAKEEM SHAH","email":"hakeemshah1206@gmail.com","password":"fasdfdaf"},{"name":"JHJ"},{"name":"HAKEEM SHAH","email":"hakeemshah1206@gmail.com","password":"gfdfas"},{"name":"","email":"","password":""},{"name":"","email":"","password":""},{"name":"HAKEEM SHAH","email":"","password":""},{"name":"HAKEEM SHAH","email":"","password":""},{"name":"HAKEEM SHAH","email":"","password":""},{"name":"","email":"","password":""},{"name":"","email":"","password":""},{"name":"","email":"","password":""},{},{},{},{"name":"HAKEEM SHAH12345","email":"","password":""},{"name":"","email":"","password":""},{"name":"","email":"","password":""},{"name":"HAKEEM SHAH","email":"","password":""},{"name":"HAKEEM SHA ","email":"","password":""},{"name":" ","email":"","password":""},{"name":"Hakeem","email":"","password":""},{"name":"Hakeem","email":"","password":""}]